Rebeca Ferreira,Aprovada,Tipo3,07/01/2000,Repudiandae eum laudantium placeat vero enim dignissimos.
Laís Fogaça,Aprovada,Tipo1,29/10/2020,Id deserunt numquam perferendis aperiam vitae sint.
Dra. Sofia Carvalho,Recusada,Tipo1,31/10/2000,Quaerat possimus corporis est.
Sra. Catarina Duarte,Aprovada,Tipo1,31/07/1983,Ea voluptas culpa tenetur at.
Sr. Daniel Campos,Recusada,Tipo1,18/06/1979,Vero aliquam minus fugit tempora.
Dr. Luiz Gustavo da Luz,Recusada,Tipo1,27/01/2015,Enim sapiente eos reprehenderit esse.
Luiza Peixoto,Aprovada,Tipo3,23/10/1974,Quas laudantium labore atque.
Isis Novaes,Aprovada,Tipo3,06/06/2013,Ipsum laboriosam quibusdam unde.
Maria Alice Teixeira,Aprovada,Tipo3,29/01/2015,Nam pariatur doloremque.
Dra. Luna Costa,Pendente,Tipo3,31/05/2003,Sint incidunt fuga sequi.
Srta. Lavínia Costela,Aprovada,Tipo3,08/07/1971,Nostrum esse ab.
Maria Teixeira,Recusada,Tipo3,23/04/1971,Harum cumque earum ipsum dicta exercitationem tempora.
Gabriela Cardoso,Pendente,Tipo1,12/12/1993,Pariatur dolor adipisci veniam.
Levi Alves,Pendente,Tipo3,15/10/1999,Rerum nostrum minus dolores.
Sra. Sabrina das Neves,Recusada,Tipo1,25/03/2017,Id dicta amet nisi rerum cupiditate.
Samuel Cavalcanti,Aprovada,Tipo2,01/11/2015,Tempora ratione nesciunt voluptatum porro reprehenderit occaecati.
Luiz Otávio Farias,Recusada,Tipo2,30/01/2018,Adipisci quo minus ad facere quas velit.
Joaquim Ramos,Pendente,Tipo1,22/01/2013,Repellendus atque suscipit quisquam.
Ana Carolina Freitas,Aprovada,Tipo3,14/03/2005,Suscipit laborum ab laborum.
Renan Monteiro,Aprovada,Tipo1,31/01/2002,Consequuntur facilis alias perferendis eos quidem.
Erick Moreira,Pendente,Tipo3,06/09/2016,Qui unde error quaerat quisquam animi nulla.
Maitê da Conceição,Aprovada,Tipo3,03/11/2003,Minima velit odit quod ipsa quae.
Maria Clara Ribeiro,Aprovada,Tipo2,26/07/1970,Nemo quibusdam numquam molestias est.
Paulo Freitas,Pendente,Tipo2,11/07/1987,Perspiciatis magnam itaque pariatur.
Augusto Silva,Pendente,Tipo2,20/05/2014,Distinctio odio fugit neque modi tempora.
Emanuella Ramos,Aprovada,Tipo1,15/02/2018,Natus explicabo sint quos assumenda debitis.
Ana Rodrigues,Pendente,Tipo1,24/03/2008,Sapiente quisquam eum beatae quasi vero atque molestiae.
Lorena da Rocha,Pendente,Tipo2,07/12/2000,Animi non quasi reprehenderit veritatis.
Juan da Mata,Recusada,Tipo3,19/04/2014,Vero libero animi nemo alias temporibus.
Davi Luiz da Mota,Aprovada,Tipo1,20/12/1981,Cupiditate quos quaerat nesciunt provident modi.
Thiago Costela,Aprovada,Tipo1,31/10/2004,Minima earum incidunt nemo magnam aut occaecati.
Lorenzo Martins,Pendente,Tipo2,24/08/2002,Exercitationem magni quisquam blanditiis corrupti.
Sr. João Pedro Costela,Pendente,Tipo2,04/03/1993,Fugit maxime veritatis reiciendis et commodi.
Lorena Araújo,Pendente,Tipo3,26/08/2012,Distinctio consequuntur autem nesciunt modi nemo.
Danilo Oliveira,Pendente,Tipo1,28/12/2014,Voluptatum dolore dicta incidunt occaecati.
Luiza Farias,Aprovada,Tipo2,24/07/1975,Veniam enim architecto.
Kevin Rocha,Recusada,Tipo1,23/08/1985,Nihil consequatur beatae itaque.
Luiz Gustavo Melo,Recusada,Tipo2,14/10/2019,Voluptate suscipit numquam mollitia quod.
Dra. Alexia Aragão,Recusada,Tipo1,17/02/2003,Quos ex mollitia facilis.
João Vitor Duarte,Pendente,Tipo2,01/04/1995,Laborum vitae ipsa ullam nisi eligendi pariatur dolorum.
Vitor Hugo da Conceição,Aprovada,Tipo3,06/01/2002,Asperiores dolor alias.
Larissa Costa,Pendente,Tipo2,12/11/2000,In amet quia occaecati blanditiis magni a.
Larissa Rodrigues,Recusada,Tipo2,23/12/2005,Dolore provident reprehenderit repellat dicta.
Giovanna da Rosa,Recusada,Tipo3,13/08/1978,Occaecati laboriosam nostrum provident similique perferendis.
Sr. João Lucas Freitas,Recusada,Tipo3,19/11/2014,Neque qui magnam.
Thales Porto,Pendente,Tipo3,23/06/2008,Sint vitae esse tempora.
Lavínia Dias,Pendente,Tipo1,18/06/2013,Voluptatibus at magnam blanditiis temporibus aliquid.
Lorena Carvalho,Pendente,Tipo1,21/03/2009,Error reprehenderit doloremque.
Luiz Fernando Porto,Aprovada,Tipo1,01/05/2017,Omnis earum enim rem maxime aliquid.
Paulo Nunes,Pendente,Tipo2,20/04/1982,Cumque repellat magnam laudantium totam tempora esse eius.
Rebeca Mendes,Pendente,Tipo3,09/04/1974,Voluptas ad adipisci.
Emanuella Pires,Aprovada,Tipo3,01/08/1992,Ea modi iure laboriosam saepe ipsa natus.
Vinicius Araújo,Aprovada,Tipo1,17/03/2014,Quos magnam debitis reiciendis quae.
Ana Júlia Moreira,Recusada,Tipo3,23/08/2005,Itaque corrupti nihil accusantium pariatur aperiam rerum.
Isabelly Melo,Recusada,Tipo3,28/05/1978,Minus voluptates sit.
Thomas da Paz,Aprovada,Tipo1,07/01/1989,Numquam ratione nulla laborum quidem officia quos.
Sra. Mariana da Mata,Pendente,Tipo3,12/06/1976,Deserunt numquam dicta voluptate sequi ut.
Bruna Novaes,Aprovada,Tipo1,03/06/1991,Nesciunt corporis delectus blanditiis voluptatibus officia fuga.
Leonardo Oliveira,Pendente,Tipo1,18/04/2015,Fugit quibusdam sed pariatur.
Ana Laura Barbosa,Aprovada,Tipo1,11/05/1988,Aspernatur consequuntur eum aliquid distinctio eum.
Elisa Oliveira,Pendente,Tipo3,11/09/1993,Cum placeat ab vel beatae reiciendis totam veniam.
Maria Alice da Mota,Recusada,Tipo3,30/12/2021,Harum reprehenderit alias dignissimos iure.
Isabelly Dias,Aprovada,Tipo1,02/06/2013,Earum ut asperiores ullam ut praesentium.
Mirella Cavalcanti,Pendente,Tipo2,14/07/1982,Distinctio repellat veritatis at magni occaecati cupiditate.
Daniela da Cruz,Pendente,Tipo1,24/04/2000,Enim dolores incidunt vero eaque placeat.
Dr. Samuel Fogaça,Aprovada,Tipo1,01/09/2010,Incidunt ad eius laborum.
Fernando Ferreira,Pendente,Tipo2,22/06/2014,Ea totam provident eius exercitationem.
Marina Melo,Recusada,Tipo3,01/03/1981,Ipsam rem nisi dolor ex vero itaque.
Ana Julia Nascimento,Recusada,Tipo2,27/07/2015,Beatae cumque possimus recusandae.
Ana Luiza Peixoto,Pendente,Tipo3,18/03/2023,Placeat rerum quos vero nemo iste distinctio.
Alícia Lima,Pendente,Tipo3,06/10/1980,Fugit nam porro.
Marcelo Freitas,Pendente,Tipo1,25/12/1984,In doloribus voluptatem autem.
Erick Carvalho,Pendente,Tipo3,02/05/2015,Reprehenderit iure necessitatibus doloremque ut expedita.
Benício Barros,Recusada,Tipo2,26/11/1994,Dolore provident voluptate dolorum debitis iusto explicabo.
Yuri Cavalcanti,Recusada,Tipo2,09/04/1999,Nemo corporis illo nobis magni corrupti amet cum.
Pietro Cardoso,Pendente,Tipo3,10/08/2021,Accusamus omnis voluptate soluta sed doloribus deleniti.
Gustavo Henrique Cunha,Aprovada,Tipo1,24/02/2014,Unde nisi quo.
João Lucas Araújo,Aprovada,Tipo2,16/05/1987,Adipisci at explicabo dolore debitis sint.
Maria Costa,Recusada,Tipo3,04/07/1978,Itaque ratione a molestias quam facilis quos quo.
Pietra Campos,Recusada,Tipo3,26/04/1982,Aspernatur eaque atque officia aliquam dolorem fuga.
Dra. Mariana Nunes,Pendente,Tipo3,15/10/2015,Assumenda nesciunt numquam a.
Emanuel Carvalho,Recusada,Tipo1,12/07/2019,Est numquam optio quod.
Sra. Isadora Campos,Recusada,Tipo1,20/01/1971,Officiis saepe dolorem incidunt.
Maria Julia da Cunha,Recusada,Tipo2,05/12/1975,Nam dolore nisi omnis.
Marcela Novaes,Aprovada,Tipo1,08/05/1978,Veniam iure neque.
Maria Clara Carvalho,Recusada,Tipo1,29/09/1991,Recusandae odit rem quasi inventore illo.
Maria Vitória Pinto,Aprovada,Tipo1,05/11/1995,Voluptatem fugiat ut eaque facere.
Lucca Cardoso,Pendente,Tipo3,04/02/1970,Similique mollitia dignissimos nihil ullam praesentium.
Fernanda Rodrigues,Pendente,Tipo2,10/06/2002,Quo porro ipsa laborum iure molestias doloribus perferendis.
Daniel Farias,Aprovada,Tipo1,19/08/1970,Eum harum iusto veniam.
Lorenzo Barros,Recusada,Tipo3,27/10/1979,Rem ad laborum nihil ducimus nam temporibus velit.
Daniela Moura,Aprovada,Tipo1,03/11/1996,Similique esse perspiciatis accusantium optio inventore quia.
Maria Clara Viana,Aprovada,Tipo3,11/04/1988,Nihil mollitia laboriosam libero quod.
Mirella Farias,Pendente,Tipo1,15/09/2022,Laudantium exercitationem soluta facere dicta culpa.
Eduarda Nunes,Recusada,Tipo2,14/02/2016,Magni nisi fuga quo.
Dra. Sophie Viana,Pendente,Tipo1,08/11/2015,Laudantium nostrum hic ducimus.
Isis Alves,Aprovada,Tipo2,14/06/1988,Autem magni quas cumque dolore doloremque.
Vicente Freitas,Pendente,Tipo2,19/07/1982,Harum excepturi eligendi.
Beatriz da Rocha,Recusada,Tipo2,02/07/1987,Laboriosam perspiciatis fugiat recusandae.
Caio Ribeiro,Recusada,Tipo1,20/08/1996,Asperiores non accusantium et natus soluta.
